rate,distortion
0.0141970144909358,56.50827635284208
0.01454155259488843,57.293511180236365
0.011188621913866825,56.981660313028904
0.01583620757635984,56.16560910221642
0.013474617235148756,56.3310213987924
0.025595740385846,54.335228962998094
