rate,distortion
3.321928094887362,2.0984265240853152e-16
