rate,distortion
4.009198051568662,1.741988836751474
