rate,distortion
1.5279603999763989,2.0549404122223183
1.9520064703041822,1.1325465645710526
2.3150914837005447,0.9658411393971659
1.9709488632084806,0.836159255640823
1.9697842877171294,0.6283995026587814
2.244452944907417,0.836496011490445
