rate,distortion
2.902517808115,2.730236595484152
3.087383291593758,0.13934702452276593
2.7123667395750943,1.3847921602583846
3.256127283535326,0.04560365750916721
2.8435029993335603,5.243136510301065
2.741934156986468,0.3758961860595331
