rate,distortion
5.308758439616002,83.01770222645692
5.403856189770735,25.940000000107567
5.4438561637565765,108.80000003647733
5.3638558976589845,99.76000047876802
5.403856189717015,20.000000000266905
5.3638561897714165,114.5200000000025
