rate,distortion
0.04632589093188688,16.308494850769105
