rate,distortion
0.02077389480387115,13.875452132438385
