rate,distortion
3.2333505680479835,0.5000044722930328
3.1927989427455774,0.5000029303090616
3.2016460516043885,0.5000000000000001
3.202913662197851,0.5000000000000001
3.151285887174901,0.650002909346808
3.246439344671016,0.5
