rate,distortion
3.321928094870079,8.794288390472724e-12
3.121928094887363,3.6
3.121928094887362,1.6
3.121928094887363,0.9
2.846439344671016,1.999999954766983
2.921928222713,2.899982601230385
