rate,distortion
2.4384671331043073,4.047404736576489
