rate,distortion
0.3568573131073567,6.6156748559934355
0.36201827192595726,6.670440164287617
0.3673711441181995,6.592653267044586
0.3118677643538019,7.1958121580945384
0.35374932280435445,6.748272007207381
0.36996612867623657,6.6502336849699155
