rate,distortion
2.520947312619795,0.4000007549989307
2.721928073935677,0.30147317886310704
2.600636584386752,0.3400100993686091
2.5219535958757167,0.39997449675316266
2.9219917109642544,0.19993637017837032
2.9219280980876055,0.29999998451672577
2.7218641299653386,0.29999869333429985
2.7218574257108172,0.3999991418372867
