rate,distortion
1.1449629780595911,2.586459450946708
1.0041973893506544,2.62984039463092
0.6560254444534763,3.7569289291297148
1.0288032574699697,2.4689186622252715
0.9356355672459769,3.011662681164828
1.0452552205851653,2.790660211983593
1.0791194064587817,2.7217704105930367
1.011295855132869,2.6694207602007713
1.0281163688257982,2.5382194527062563
1.1119593415899613,2.3669745490117164
