rate,distortion
1.9709505944545587,0.6000000000000074
1.8644098250895378,0.9000000000005796
1.4854809980196633,2.100009766187956
1.8797929032141556,0.9000023733730941
2.2432608287471045,0.5000257105942278
1.5709462981140616,1.000000621210577
