rate,distortion
3.8990166265100488,10.150615751502956
