rate,distortion,round
0.007167064655168725,16.43100091911771,0
1.3836971390901453e-09,16.30815277533746,1
2.580158309228864e-14,16.308121612444296,2
8.881784197001253e-17,16.30812260637589,3
5.329070518200751e-17,16.308122619213087,4
1.1546319456101628e-16,16.308122619611627,5
