rate,distortion,round
0.007259457728326275,16.511919812829056,0
4.647476513497395e-07,15.891279197348279,1
2.5440390238884446e-09,15.882803154249384,2
1.3548904220783697e-11,15.883102039687387,3
6.709299782414747e-14,15.883149466750465,4
3.2862601528904633e-16,15.883154185886331,5
1.4210854715202004e-16,15.883154723292266,6
4.4408920985006264e-17,15.88315480702807,7
1.7763568394002505e-17,15.883154823682542,8
9.769962616701378e-17,15.883154826933001,9
