rate,distortion
0.16987053594048618,350.1025272980628
0.3898837016370127,279.9784576941725
0.42054048762375906,281.0052234154345
0.17267442298838453,341.5424997389823
0.5692038609328023,227.88846976885725
0.3287740580853047,316.0580789182043
