rate,distortion
0.022341795951867027,357.0183663396885
0.01856155405956983,359.8394766909943
0.0241845483136629,347.3802502063894
0.008774179038541163,381.9292892378634
0.0818363455818858,294.79188009111607
0.008663823239164259,378.37755526710185
