rate,distortion
3.0971442359724914,0.9298089381301693
3.262646697401308,0.06911282692400297
