rate,distortion
2.435369747891638,23.837743114422757
2.7177830976667536,2.535227449333237
2.700434589697565,10.650159628712853
2.837499799665558,9.087782740529345
2.8196090641632736,7.555212723863787
2.703465576979635,4.927389549422083
