rate,distortion
0.0,15.609393967584468
0.0,15.609393967607652
8.881784197001252e-16,15.609393967604088
0.0,15.60939396758719
1.7763568394002505e-15,15.609393967583735
-8.881784197001252e-16,15.609393967578647
