rate,distortion
2.8623018259285713,0.2824085607162293
2.645203491012672,0.7142531948572859
2.4220573511689443,0.5093023894169454
2.521616593465977,0.4414986365295227
2.9403921470885312,0.18592799050239767
2.5998946513955983,0.349565856805031
