rate,distortion
0.3846553048881063,24.170980713073156
0.3846553048971799,24.17098071453708
0.38465523338523333,24.170975987029706
0.38465523457007933,24.170976083404607
0.3846552340249527,24.170975988412746
0.38465523362000376,24.170975994805886
