rate,distortion
1.0005808417838757,4.850766820022288
0.9951974835506778,5.457415192224651
0.9898909428329379,5.715340107858272
0.9850488969269651,5.540824436653468
0.9952585060739398,4.985350607930813
1.0290357912649606,5.379349462659942
0.9526034964021135,5.795193154189355
1.0062204397401908,5.606932962388178
