rate,distortion
1.0113241415396077,5.876134789277518
1.5086942282705635,3.484169405389428
1.6057339232023633,2.009122014430605
1.5238343993964718,2.844395758985316
1.570942103003481,1.617137197913833
1.4868568215593796,3.815508237454138
