rate,distortion
0.8812157256295108,4.000023690454434
5.597768009124593e-07,8.499997130063852
1.1847145384713542e-06,14.499996600423895
0.8919899865026779,2.5000428153020593
0.8666373594733052,3.3000000569091616
0.8267122109531608,3.382842231441365
