rate,distortion
0.557017132069463,432.814531871021
0.5568742189727978,432.7399992134372
0.5569030915090849,432.756451532475
0.5569047152495568,432.75559861048225
0.5569780103769517,432.7938459379728
0.5568764961810384,432.74164778215305
