rate,distortion,round
0.007813962399221292,66.2632603747253,0
1.1040822210262036e-07,63.97627627324377,1
7.60041363179198e-10,63.93752202174474,2
4.519051799434237e-12,63.937846510858996,3
2.3767654511175353e-14,63.937947781905415,4
7.105427357601002e-17,63.9379568248172,5
-8.881784197001253e-17,63.93795749563772,6
-2.486899575160351e-16,63.93795754231437,7
-3.552713678800501e-17,63.937957545471384,8
1.7763568394002505e-17,63.937957545681854,9
