rate,distortion,round
0.008073952483670066,66.45382331068483,0
8.623987818978662e-08,63.98259019311094,1
6.334271596131202e-10,63.93778323045623,2
3.927134173409286e-12,63.93785978013593,3
2.094324713652895e-14,63.93794854963439,4
-1.2434497875801754e-16,63.937956872202,5
-5.329070518200751e-17,63.937957498647776,6
-1.0658141036401502e-16,63.937957542508,7
-3.552713678800501e-17,63.93795754548393,8
-8.881784197001253e-17,63.93795754568269,9
-8.881784197001253e-17,63.93795754568298,10
