rate,distortion,round
0.008607194897775727,16.24881594053235,0
2.4681477602446953e-09,16.30731983148861,1
4.692542650748995e-14,16.30803727387895,2
4.440892098500626e-16,16.30803993454664,3
0.0,16.30803990071404,4
-2.9605947323337506e-16,16.308039897711538,5
