rate,distortion
0.0,16.306831157659847
-8.881784197001252e-16,16.307904714791768
8.881784197001252e-16,16.30807036026696
-8.881784197001252e-16,16.30799456435209
0.0,16.309374950371335
-8.881784197001252e-16,16.308063638827225
