rate,distortion
2.1457411736587515,0.583180501722285
1.7043032267748708,1.2622239776282655
1.5742898287574683,1.3771698421105627
2.047448991463848,0.5609047593326731
1.9653956398982158,0.6123529815369719
1.1730917436113448,1.0990209753602085
