rate,distortion
1.0534979044237796,10.973016760464258
