rate,distortion
1.5276284006429917,5.414420494244148
