rate,distortion
0.02643452387238021,13.155615322998777
0.04179003721497665,11.744735481135809
0.03465505118703227,12.806517662534212
0.05774986610217159,11.48697765448135
0.07172806681986277,11.174817374768592
0.04681090081464934,12.045615784333961
