rate,distortion
3.2086946313630946,40.04703501659698
3.1086949401657034,50.03397488325329
3.208694952539515,21.1430697111474
3.0659573209485753,39.707429565935776
3.2464393417865107,37.28134647511338
3.2464393446668502,40.61711071607086
