rate,distortion
2.573531836319824,2.1794740667659647
