rate,distortion
4.949587973706668,0.3605111762177941
5.052389874277409,0.33874603466715997
4.999886941790539,0.393014119696402
5.025537038931315,0.30002533659988423
5.048682358771914,0.2983836317354753
4.95982477713963,0.33460655983321486
