rate,distortion
2.297614710449748,0.39156358246634926
