rate,distortion
9.861973282454528e-08,10.499996909521114
4.148948988813572e-07,8.499995675014766
8.810174607631893e-07,14.500014442866453
2.0633992541707613e-05,14.500539756864162
7.374320984210314e-05,10.49835953948717
2.3800353821101794e-06,28.499884271685673
