rate,distortion
3.008260307524324e-12,16.50155120471108
5.737632591262809e-12,16.502775065688507
5.10613773485602e-12,16.503448563893755
6.533440455314121e-12,16.50152062058828
5.870859354217828e-12,16.49897044055721
5.058176100192213e-12,16.49725938116541
