rate,distortion
1.7419847402833968,8.179002708237022
1.6985165982159103,8.051495249350744
1.8180955568917518,6.155077058839372
1.7261563204596762,8.02786351443171
1.9328767714958062,6.290893055670707
2.059384734627206,6.2339934433157485
