rate,distortion
0.08335221879630872,14.915115960531628
