rate,distortion,round
0.0076918982492569414,65.35812473784391,0
1.9038034437812712e-07,63.95080073844366,1
1.2749739042305919e-09,63.93667500553537,2
7.455961773909317e-12,63.93780952120466,3
3.848773152033876e-14,63.937945753102355,4
-5.921189464667501e-16,63.9379566993539,5
5.921189464667501e-16,63.937957487515064,6
0.0,63.93795754178134,7
0.0,63.93795754543635,8
5.921189464667501e-16,63.93795754567956,9
2.9605947323337506e-16,63.937957545685016,10
