rate,distortion
0.0,63.937957545686295
1.7763568394002505e-15,63.937957545692754
0.0,63.937957545694466
0.0,63.93795754567029
0.0,63.937957545686736
0.0,63.93795754567955
