rate,distortion
5.315780949665054,0.16001585986405148
5.285380056293231,0.16001059404039872
5.261155809892941,0.17999106037792975
5.287220358260149,0.15999317474171554
5.244355387920802,0.17013275961452679
5.237685710591412,0.19998312307467533
