rate,distortion
0.6350317584667557,4.408740893075844
1.0306960723218177,5.234395008920159
1.4880312877338198,1.0468574176570862
1.0834462887488652,1.7270716905914185
0.7008212558403208,5.7172248770852
1.4854775922987713,1.3823471663924316
