rate,distortion
3.0525431713961524,1.039858487682858
