rate,distortion
0.03005160430686704,14.403700035646525
0.028251940619373528,15.622061926913203
0.016589034351188303,14.435916521352523
0.02649610913417355,15.110044303516707
0.02109069591516466,14.63627946952709
0.014979025719821237,15.06754109494223
