rate,distortion
4.621261676842197,0.5303046636688621
4.404344013725112,0.769188967547811
4.592437563206822,0.6576166385067508
4.598039018685887,0.6808460929803921
4.586982537257134,0.6081605322923263
4.616005745897127,0.5912673502447388
