rate,distortion
0.19388402071310473,42.74887149183378
