rate,distortion
0.7700420153550187,1.6195373730995408
0.6916146532844136,1.5105270403537547
0.5469655668388773,1.7142806109093105
0.9387806328768358,1.2011031687081601
0.6892526508493013,1.5714748266544598
0.7193375914092242,1.5091008011001346
0.9478438250408354,1.4108377711849056
0.47792402143524537,1.8845178296600371
0.8418534081365188,1.396524261715939
0.9483855139804422,1.2529995207874065
