rate,distortion
8.853093022409553e-05,64.8381207632932
3.85436884400292e-05,65.09610975692289
1.1186124380557771e-05,65.38636721615744
3.4957306418448297e-06,65.45488884846
2.6889939434227017e-05,65.28725463029072
4.9225195191127114e-05,65.15111372654928
