rate,distortion
0.9999856699250347,3.0000301283462703
