rate,distortion
2.297614710449748,0.39156358246634926
2.1936986859406176,0.39106165095315815
2.428636643081486,0.3115395046656349
2.062419890896276,0.4642124749515027
2.395137813347577,0.3334013304596326
2.436459735744079,0.32780451653653947
2.323349733050745,0.35709024262068884
2.1802281783604682,0.5009505667933292
2.558560740288248,0.2586325786428959
2.559159345931895,0.2674811240014664
