rate,distortion
6.318603886287544,0.14999724044681942
6.250827122573475,0.18001963929251547
6.244285487581935,0.18960793389697664
6.312759011457496,0.1599109804053982
6.224732979591421,0.1900185330226479
6.240930772101556,0.1900199744820365
