rate,distortion
1.7552268536698774,0.7629546529574839
