rate,distortion
3.044237791972243,2.2899161575515845
3.044401956733612,2.2909301735362155
3.0443552017325786,2.2918392050394947
3.0444961446853362,2.2909721806393426
3.044234338780237,2.2912491640864547
3.044487186888155,2.291477529628735
