rate,distortion
3.09993964698809,0.9370812291604603
3.0987088522706325,0.43243826445293904
3.2692434500198893,0.08236766966989445
2.9197470211722876,5.426398563888986
2.860111075716557,5.617595973125823
2.8729622132657564,0.9139732423608523
