rate,distortion
2.3259453905552485,0.23806841507403964
