rate,distortion
1.7763568394002505e-15,16.3081408572616
1.7763568394002505e-15,16.308140857261893
8.881784197001252e-16,16.308140857261964
-1.7763568394002505e-15,16.308140857261645
-8.881784197001252e-16,16.30814085726151
8.881784197001252e-16,16.308140857261815
