rate,distortion
3.178090212272515,0.6500000013085176
3.2199010313742873,0.5000000087599692
3.2464393361725907,0.50000000000921
3.1423977753313315,0.5000000161863237
3.0851618559065788,0.5500000001904388
3.074883421619031,0.65886228791569
