rate,distortion
0.8310688499895074,3.7000117959089134
1.570919469040604,1.300008536018331
0.9999999999997637,4.500000000000001
1.2853011064570694,3.2568233199940497
0.9996966176483011,3.0001569089763773
1.294732806411782,2.40005498025978
