rate,distortion
3.2086568500284827,0.5000023907001173
3.1917224426680795,0.5
3.1922914270502085,0.5000032170497917
3.2107076402358548,0.6243083446961821
3.208694968924501,1.3388462001660724
3.208687106222751,0.6432379937123809
