rate,distortion
2.7135926987515866,71.90398558458456
