rate,distortion
0.049799774008145725,15.226294789635023
