rate,distortion
3.0730373731740395,0.9558097983973616
