rate,distortion
2.8657654366475773,2.620782275230853
