rate,distortion
3.068162518651264,0.2568468400246532
