rate,distortion
3.071026952897781,0.9764518700752346
