rate,distortion
2.8160162674430187,4.064440350955072
