rate,distortion
3.095704276565398,1.6450390552929937
