rate,distortion
3.0820091781023558,2.5232508849991584
