rate,distortion
0.020319257818789183,349.7871917289489
0.015520725088260079,357.5457142938352
0.01613649087324376,358.50170099224124
0.02772048906546054,343.95119732429464
0.01327479586099578,368.56118526085436
0.024765682929487554,344.7193732354397
