rate,distortion
0.8223427620800337,67.27221558874282
0.8224031774192895,67.26598986601874
0.8223466694367243,67.26872723598659
0.8224142422410363,67.30943536319451
0.8224067113558284,67.32520839442691
0.8223322415361292,67.2599011622646
