rate,distortion
3.0907753202560793,0.4407459930153758
2.816354801445038,4.533089911239952
3.0850807303656156,3.6171987776197474
2.8706985055276073,0.8399900477151548
2.8783085316087935,0.43931825727390683
3.2958333122800036,0.06434439717632641
3.0517083763432633,2.770265196078889
2.931325146909691,2.222783386046099
