rate,distortion,round
0.008648583973217031,14.721383798786599,0
2.651405613581422e-09,14.804402211682742,1
4.7369515717340014e-14,14.801521401902894,2
0.0,14.801318135530948,3
0.0,14.801305269104722,4
0.0,14.801304461674357,5
