rate,distortion
0.0,17.08929502292181
-2.6645352591003757e-15,15.210438431015117
8.881784197001252e-16,12.16065343884571
8.881784197001252e-16,14.26841260728257
0.0,14.896686364695233
8.881784197001252e-16,15.18234090528571
