rate,distortion
1.2585010940464407,131.23162840001055
1.2584920637927723,131.22872019613584
1.258531479877048,131.22319803600115
1.258516263443484,131.21804176521854
1.2585052646496795,131.24243527983754
1.2585044687825953,131.20996994427867
