rate,distortion
1.2659467034187637,1.524246625924453
1.2536866450806494,1.4137277276159366
1.1920336249330452,1.726114212909419
1.1850371706165808,1.6440540592573443
1.1410622459534245,2.1921561396592018
1.2304821948631215,1.5735897656144169
