rate,distortion,round
0.007328729876623215,16.40785199362681,0
0.11519093070305297,14.65773053707329,1
0.723217731642105,10.854348517121053,2
1.7621369224202097,6.586562028266299,3
2.5225997948872814,3.595129181105507,4
2.8353095501390055,1.915860520507713,5
2.9950527518675067,1.0453498681642914,6
3.070818944517505,0.7069229803817181,7
3.103941603209084,0.5889377103878651,8
3.1204299446841115,0.5362146772180821,9
3.12192605525753,0.5333349300291877,10
3.121927919800753,0.5333333439362162,11
