rate,distortion
3.1219280769325466,0.10000001564269018
3.1219270937661907,0.40000004443370485
3.1219280834088354,1.6000000003907742
3.1219280948872674,0.10000000000003252
3.1219280948836925,0.10000000000008848
3.1219280749259855,0.9000000031500072
