rate,distortion
3.0906482205867105,0.10001904739332726
3.321917657336282,5.129709062951196e-07
2.6467282127337284,0.30000000000961285
3.071874554008733,0.1
2.8396104793101467,0.2160297890960095
3.055954243494456,0.1
3.121928094887362,0.1
3.3219160800440446,5.608569007953373e-07
