rate,distortion
0.17652688930116867,38.028482007464504
0.2033284982363952,35.56303902629054
0.22914161334801086,33.34856242577418
0.12422000219884133,41.47869269924882
0.1854364843684806,36.645956966129226
0.126287405351043,40.92287132517125
