rate,distortion
1.230855085727164,4.988392209942978
1.1573208254122265,4.999529987538138
1.5131506194789193,1.9821575160568723
1.4743553400789082,2.4198963370550137
1.0090560035049374,5.911725911163841
1.0727129408236316,5.555455666062825
