rate,distortion
0.40970184217101746,261.4241926575572
0.5239713155456229,203.29906543416834
0.6209974880847131,231.26467659838116
0.37412352747367805,348.22837904833017
0.3301984885585263,298.11630557225163
0.43620512767068753,227.03122454952288
