rate,distortion
6.192634840473943e-07,20.499962034556123
0.9709230677776515,3.3000123811629924
3.7218624644452802e-06,28.49982113177062
1.7653324690947159e-06,28.499903046684544
1.8446525964499472e-06,28.499902681403963
8.398700614975496e-07,28.499958958059125
1.051297700005449e-06,28.499945297602704
2.575297613383043e-06,28.49994278774178
3.723051454684878e-06,28.49978284148171
1.4224930637039734,1.6465102711035835
