rate,distortion
6.0414760435070285,0.27484656818362374
6.046754305897146,0.3072305640000706
6.184490196902468,0.24364106683143807
6.075242911056276,0.2578585243915214
6.139486378249411,0.24455853432792252
6.093310651840561,0.2714466393753185
