rate,distortion
1.5472154391081911,9.20416195509737
1.550550302859122,16.648362041422697
1.467337398845114,19.521912484640485
1.1635730615224817,24.98364103069963
1.494925759292352,8.936048310882692
1.2261944258214408,23.38849207495729
