rate,distortion
0.9709510621942803,3.2999895916874085
0.9709500962656623,3.3000008645976866
0.999999938628878,3.0000000170446013
0.9147140002464695,9.612975566895235
0.8926664453927446,2.500103309956958
0.9709506071953333,3.300000135626064
1.8378699429000278e-06,28.49989071232572
0.7218821411055782,9.30000863223719
1.5386601615983406,1.3000038969335699
1.4831652675480917,1.0000217566843888
