rate,distortion
0.05473614852311037,289.28482283291555
0.054736148484964886,289.2848228645359
0.054736148525698525,289.2848228307648
0.054736148434500365,289.2848229063677
0.05473614851350561,289.28482284087715
0.054736148526849604,289.2848228298193
