rate,distortion
3.121927817544115,2.499999571038935
