rate,distortion
2.594066475931441,0.38158710145942987
