rate,distortion
2.2142336536068896,4.235602686673296
1.8535478654832405,6.015909254849583
2.2216750451232814,3.7267058113434492
1.8007433368308332,6.026729300037999
2.265161870415991,2.7531874956277838
2.2628503577518098,2.995972552560802
