rate,distortion
0.5214247533896845,5.94304139727731
0.5106377198839631,5.528587004068986
0.5279783671440574,4.598820442097216
0.5472244452435922,5.854858486612956
0.5455857927670396,4.534902489916851
0.5162491428417093,5.827812876919625
