rate,distortion
0.3124711574781669,13.030555555555555
0.419646685084067,14.56777777777778
0.10499714495289503,16.47536507936508
0.27937542565354345,14.45
0.2530101633681925,15.300486111111114
0.24592931685869956,15.566666666666672
0.2403110865089344,14.62277777777778
0.4020051891391647,15.813888888888892
0.20861482875741277,13.476630952380953
0.34884931473542213,15.935416666666669
