rate,distortion
4.006589015112189,2.3399987805762166
4.00665829853599,2.339266297219766
4.006862405537179,2.3406600319924222
4.006551094603074,2.3405259489867216
4.006821172859764,2.3406148166964744
4.006508250631105,2.3404188504924104
