rate,distortion
0.5732190373549724,5.932016818896204
0.5017790012394796,5.939307050127253
0.46586343720919654,6.691738343047219
0.6763391064633124,4.8693123196506924
0.4800783685075256,6.527459351492331
0.4062272950572572,6.804247374895967
0.5598006143763747,6.373288383517014
0.5078117162524665,5.532515700220421
0.6522845403373196,4.926689108742846
0.7284199212302358,4.661448456905544
