rate,distortion
3.050570617740826,0.47584999250175974
