rate,distortion
3.321928094887362,2.0984265240853152e-16
3.3219260093675924,9.309179234824346e-08
2.921928094887362,1.0
3.321920738523058,1.529188258687874e-05
3.121928094887361,0.1
3.121928094887362,2.5
3.3219280948845804,2.444639586040957e-12
3.321920685286654,2.437997439010871e-05
3.121928094887182,0.9000000000000146
3.121928094887362,0.8999999999999999
