rate,distortion,round
0.008423583232679555,67.38517253422653,0
0.09279151127175389,63.7295502260365,1
0.708130471706348,56.23700920111554,2
1.8845628019442355,45.11983234499229,3
2.6918515586262295,37.50661428905881,4
3.027976182619048,35.22647990788604,5
3.1267019612782434,34.80899158168858,6
3.166181983224496,34.948044047746656,7
3.1893569128466246,35.05788110268393,8
3.199722573277809,35.10661265102646,9
3.2005238882182527,35.10925089111107,10
