rate,distortion
3.1464384771122766,33.56846826807957
3.2086924747081396,30.19054354995245
3.1841837087040368,42.25008160867018
3.246438879336014,44.74919318741377
3.2086948259085926,33.73123585159722
3.208694963540454,26.16598288095321
