rate,distortion
6.443856189530817,171.4000000088893
6.41630731471367,208.14343230308896
6.443855713235166,191.39012611689486
6.4438561897173985,112.78000000219139
6.443855704581548,131.83996893351724
6.383856189640131,266.80000000165063
