rate,distortion
0.7700420153550187,1.6195373730995408
