rate,distortion
3.1809149468840063,630.2646134959482
3.2069040792961365,1236.5304166667854
3.2235288872774,559.362259347873
3.281380447571685,820.0485459341216
3.199366976532124,986.5700320345153
3.247959468973016,1364.5861399345908
