rate,distortion
2.445910412871423,0.403123446857379
2.2833333769094235,0.40844060497119833
2.400287667633476,0.34761789793541814
2.608015619651482,0.2578905015921327
2.6568532412944306,0.2452161974241435
2.915635481649648,0.16512438488242287
2.6816872567985004,0.20886283243075313
3.0626489945706243,0.0551532263738468
2.788078218696725,0.18841668177130108
2.8926139811303546,0.149852541377464
