rate,distortion
2.445910412871423,0.403123446857379
