rate,distortion
3.2166912610489,71.60223023872574
3.2480471909383093,83.98221376518282
3.178688570451099,178.3185218582914
3.240294879680228,4.353659374080743
3.2792759529833617,2.7406631962775885
3.1241380458365775,24.20491417126962
