rate,distortion
0.7586488813662431,13.46818325485402
0.7283203528746824,15.134070404504087
0.751190767756416,14.801391573973156
0.7602417695648125,14.932395985376727
0.7142846501537203,15.021629123570005
0.7289116777537394,15.174368816366755
