rate,distortion
0.07062637488646661,14.174446836544426
