rate,distortion
0.026102822326583563,15.814269277292412
0.027787120358904183,15.54687432752277
