rate,distortion
2.9723237724665,0.9973582217785925
2.8839429379254566,1.3627275454999437
