rate,distortion
1.8408956552457276,259.697495989682
1.9166615080505114,267.988776459307
1.905048689237697,224.89873376391955
1.8674196395952283,373.5652779844765
1.98047674274261,273.2522595284489
1.9130733279367256,267.5499517277415
