rate,distortion
0.36818814745058415,7.799850443905259
0.3479854221119165,8.77509571117527
0.3514708534048969,8.619933129231722
0.30494312415071345,8.773129530125045
0.3688373089453263,9.418358091142508
0.27343099887391364,9.067516014225124
0.423117821978539,9.038049009077412
0.23917779095951186,9.343700003225125
0.3483218816114162,8.072834224578612
0.5410764790225597,6.125205013362119
