rate,distortion,beta,alpha
3.321928094887362,0.0,1000.0,0.0
0.9631310433473868,1.8228827826781242,0.25,2.0
0.05753089016991897,7.616356984369891,0.0625,4.0
0.004647265437172088,8.272143630555785,0.027777777777777776,6.0
0.001559872819681729,8.380512699796725,0.015625,8.0
0.0007573839250696324,8.46355698562586,0.01,10.0
