rate,distortion
0.5570502777038335,108.16047465912378
0.5569917240482276,108.15447922499524
0.5570982215415583,108.1671533553168
0.5569883602160228,108.15085435682983
0.5569184711241757,108.14109204773729
0.5570137418983521,108.15591334735257
