rate,distortion
2.37347010996505,0.39998254308175285
2.5209005846469537,0.3975702316776177
2.6678648544409467,0.29759067942328754
2.904520716652396,0.19999289599213965
2.5224864828755558,0.39931967374858013
2.7210626211947204,0.2999946149432392
