rate,distortion
4.199269809248552,1.2439814263878346
4.050522159216543,1.4497161459303554
4.151817683015594,1.4266471607291569
4.199805979997302,1.0829419250618275
4.2715742751713215,1.2013869944348152
4.1395989302386145,1.359657152601361
