rate,distortion
2.0649508769565728e-09,66.42634452666951
1.8538361956643712e-09,66.44265757948749
1.3030714285378053e-09,66.43688049417248
1.3549144028957016e-09,66.43000415047682
1.2195648935175996e-09,66.48507234649756
1.5328609492826217e-09,66.42348334338823
