rate,distortion
0.11984342997250508,40.09203472476467
0.1689139193762479,34.89363251468906
0.28387179314628064,29.305547197809975
0.10676322431266172,40.276172812322315
0.1441570928765259,38.06185870790198
0.11184423980401625,40.05831611212302
