rate,distortion
3.154198395259602,7.56477011745742
3.2158970370908726,6.7895860369337395
3.213720680399624,7.083660111502692
3.265955767522981,6.979189503816524
3.343296556301347,6.911295670042865
3.348901412140842,6.860725652652922
