rate,distortion
2.539861509507562,0.36036238611814475
2.4754912949175143,2.1849477520250553
2.63480214265825,0.7143923824044848
2.8560319455921337,0.47918399907070774
2.7463378765240822,1.621142671825381
2.652604248861564,0.5259344130842296
