rate,distortion
2.043021478402296,0.5312656949789847
2.17095482603946,0.799985351009496
1.818130371619072,0.6000000003338627
2.064387811229731,0.800050115708121
2.1670577837327034,0.8000032636458577
1.9709415583949603,0.8999995667640275
1.70370319862691,0.8668172982806448
2.177057968746078,0.5000017705737148
1.5341371563762425,1.3000000000001535
1.4812958171726618,0.9999968146444564
