rate,distortion
1.9780468507266686,325.3119649948466
2.1577318369025296,372.7153484398382
2.364188035688315,363.8729394402999
2.2440770374113796,343.4778388514311
2.1786712341112704,340.13903457203855
2.2029760179533877,348.6039033599919
