rate,distortion,beta
0.46536475229668195,4.025739218701708,0.1
0.7787297550670376,2.3851410229901284,0.2
1.394613995710869,0.9372537768058076,0.5
1.4962923034644797,0.8062310878640156,0.6
1.6087809110227225,0.6855067743466298,0.75
1.8621766814007703,0.48504791060817504,1.0
2.442197085865077,0.19613414106847132,2.0
2.8435668130968024,0.08196959202919835,3.0
3.2181527981684797,0.01197595191824392,5.0
3.321928094887362,0.0,1000.0
