rate,distortion
0.5401721070663834,18.9525
0.21840048759342423,13.381805555555557
0.24592931685869956,14.566666666666668
0.2289587485300304,15.454583333333336
0.29876444877221164,12.549611111111115
0.746929069672249,15.866666666666669
0.18940077531453703,14.314000000000002
0.37792136426295997,12.550833333333335
0.3629956886632604,15.572500000000002
0.24942860200544015,16.73809523809524
