rate,distortion,round
0.006739824503194362,16.20236147235587,0
3.1337874872860993e-07,15.880237398123215,1
1.1787684902249869e-09,15.875895964905679,2
5.473991630348489e-12,15.876111863916408,3
2.4572936278370132e-14,15.876135610180151,4
4.440892098500626e-16,15.87613635398556,5
1.4802973661668753e-16,15.876136140886759,6
2.9605947323337506e-16,15.87613606675547,7
-2.9605947323337506e-16,15.876136048417658,8
2.9605947323337506e-16,15.876136044186602,9
