rate,distortion
-8.881784197001252e-16,15.88533105576268
0.0,15.874018151207547
8.881784197001252e-16,15.880096166156473
1.7763568394002505e-15,15.883042157125098
8.881784197001252e-16,15.873292668951574
-8.881784197001252e-16,15.861036065916236
