rate,distortion
2.1097797119263753,35.70882976239236
2.109784478916783,35.70806341809272
2.1097401063953285,35.71168630882868
2.1097805479313667,35.70899993957533
2.1097971174277017,35.706467148287004
2.109784155551381,35.707719887773436
