rate,distortion
1.7312912528169973,6.132712700745455
