rate,distortion
3.025274064723102,0.3210798226271104
2.871854707539509,0.5157210288055538
2.8895341863442368,0.2089240281946766
2.8595286522596437,0.704112967664412
2.9976859577154666,0.3670109719447429
2.8847269799557007,0.41350251878750244
3.275370133742517,0.01644187765098095
3.0162780977853796,0.15797628690358442
3.0599218036988822,0.6217595887739991
3.089946563163431,0.5069786890064215
