rate,distortion
0.3445227642225124,2.244967849776792
