rate,distortion
2.0154811991655963,29.034404358400028
2.518475300578265,12.296208421866513
2.3152628849729435,18.738928692084585
2.5342013188704673,14.02615043033554
2.2415045096105715,20.834137419505517
2.393916124957312,14.37831306929327
