rate,distortion
2.110030888049879,8.916097067099527
2.1099714634488578,8.917682651027539
2.1099642877109623,8.917748114902183
2.1099745558145173,8.917845357918607
2.1099779007428854,8.917178585780057
2.1099608136648165,8.91704890926508
