rate,distortion
1.599140019196481,77.08411291580083
1.5991471098817396,77.07763808556244
1.5991960378234946,77.08118587329218
1.5991460458641829,77.0921834368197
1.5991726561024926,77.09764007835733
1.5991819000408256,77.07284030562045
