rate,distortion
1.0895072431511919,1.9505835765827917
0.9521833612404516,1.9565638319654721
1.1518442728085656,1.7919663844179943
1.1235499282964065,1.5457470443276948
0.854141088728805,1.8618715938214825
1.1605185582885333,1.7236447444749388
