rate,distortion
4.353263988438684,4.242866663513524
4.358562932261933,4.308202430567653
4.319900629011393,4.8410548047903985
4.329413569192338,4.6558110655962
4.333923098575301,4.105733025108239
4.384292436524577,4.266862901842177
