rate,distortion
-8.881784197001252e-16,15.880714871030712
-8.881784197001252e-16,15.880714871034852
-8.881784197001252e-16,15.880714871030866
8.881784197001252e-16,15.880714871034822
-8.881784197001252e-16,15.880714871022612
0.0,15.880714871030204
