rate,distortion
2.900401825097953,33.94081140119243
2.769454252372043,34.18797314621622
2.932575925323931,40.67859923961418
2.7307445554297916,36.67456510852247
2.966506563611076,57.57518107295567
2.6799421332605116,33.1271652440243
