rate,distortion
0.3445227642225124,2.244967849776792
0.27853691316414686,2.4379995807977455
0.21693507285374825,2.447479437999176
0.4858221670464191,1.9787953553702062
0.3005595985016214,2.4700116505205667
0.32624799587782327,2.34203895462074
0.5057150809079687,2.192824847747461
0.24026923876803963,2.3875563315249124
0.376447466792337,2.206876936361461
0.494777800932491,1.9623110644069302
