rate,distortion
0.42638405306499116,23.51604442384844
0.33148393823105415,28.39022358486266
0.5028355521546963,21.168603046395276
0.45021753406151177,23.07738722520725
0.3706131023515873,26.427757772469416
0.46981079320519825,23.431495906579222
