rate,distortion
0.22854865685314074,3.2184292263827308
0.1639652710959849,3.3470125334117715
0.1485650501257787,3.4865407877370345
0.11413307032599018,3.481590210342222
0.17772845787100167,3.515208824576039
0.15804481430874606,3.423081491205871
0.20347125850430814,3.2382483909051087
0.12053761031416155,3.3507375430451
0.18677984331573327,3.264196893302828
0.2070573808873375,3.1655290039037025
