rate,distortion
0.7329189927889255,19.432466108932374
1.1080667896018754,10.209825129684258
0.9922187275222232,12.825791538340638
0.8138121331914157,14.687936795126726
0.8545258565073919,15.700067888686046
0.7840944149165479,14.084654924916038
