rate,distortion
2.47413464152205,1.5317584777688436
2.329273049448674,2.5450639860324644
2.1857198572927308,2.8550253496916564
2.518026678135419,1.8971909709012393
2.5552892315022655,1.5731809307732696
2.440771940039035,1.897009983164705
