rate,distortion
2.9723237724665,0.33941764656902557
2.8839429379254566,0.5066003007952414
2.889300055114499,0.20904376852001846
2.8155232041776292,0.9630882325314886
3.0722011851338316,0.3150100776603638
2.889894027377358,0.41080520053368696
3.2763428212370793,0.016219848398615413
3.023678132004318,0.42673985995588215
3.0971376374164405,0.6049485941598531
2.9993873942776026,0.645580517244329
