rate,distortion
3.848297499775555e-05,16.17536526932209
3.562838248694078e-05,16.155422991169246
0.00020337185905461297,16.0109380313045
0.0002818083763802548,15.974019765746936
1.0201408439769466e-05,16.211833961923965
2.937879232600693e-05,16.180320991957526
