rate,distortion
0.4718373987405693,5.389682935268586
0.30718811876632035,6.579580525991718
0.6238122001752036,4.564565629730092
0.2873816267666527,5.126664269569688
0.47698700530026805,5.474757011944484
0.4050442537740411,5.912787170769619
