rate,distortion
3.025274064723102,0.3210798226271104
