rate,distortion
0.0,61.573757821327476
1.7763568394002505e-15,61.573757821848716
0.0,61.57375782208833
-1.7763568394002505e-15,61.573757821166325
0.0,61.573757820472025
0.0,61.57375782033567
