rate,distortion,round
0.007341341572595361,16.394231940239862,0
0.08670443461317223,15.040748126078013,1
0.6492946209294185,11.868742342318216,2
1.802794865130674,7.617279366770625,3
2.5332591324996767,5.498713411497498,4
2.892094991935954,4.309053857257303,5
3.0578954478689027,3.344736249221817,6
3.112545955959087,3.07702994201239,7
3.1216712481076776,3.066759790330971,8
3.12192768801297,3.0666670714150364,9
