rate,distortion
3.121928005044119,1.600000013694017
2.921928092609245,6.099999998461575
3.121928093779689,2.5000000002405764
3.3219272032989515,1.819636579623494e-06
3.1219280947842547,8.100000000011304
3.1219266385615616,0.10000059644616484
