rate,distortion
1.5876329430508243,2.9865353386622506
1.0004608798546433,5.998601731503055
1.6787197339448863,3.4292871479155322
1.7829480911030107,2.8064047484841828
1.7666276052207248,3.0720248977611044
1.655078506562539,3.673909981268683
1.839691764554293,2.519180642632279
1.6593582568383045,3.322825717908902
