rate,distortion
3.5720293192334847,4.821730308979166
