rate,distortion
0.04632589093188688,3.2039718986062478
