rate,distortion
0.06894499668754506,14.32950874233753
