rate,distortion
2.8576606933670257,0.20000036554549544
3.3219105773408195,8.379950620539437e-07
3.121901017220749,0.10000035870593452
3.1218963767254793,0.10000037142346314
3.121928094887363,0.10000000000000002
3.1219176812123934,0.10000052755873357
