rate,distortion
1.0322543831425577,4.363368301362733
1.112745429690519,3.0442993061981074
1.1142798271425818,4.950949278204404
1.1057454942981808,4.155435403264086
1.1341056960848208,4.200076391234017
1.073707407854262,3.132081240199727
