rate,distortion
1.0147418198112321,5.54021390612793
1.166550267950326,4.2518761013470865
1.1163724144335703,3.9591751417865746
1.113907185771076,4.198096319243176
1.165290555129264,4.262059594404483
1.0359828847241448,5.2089153197965645
