rate,distortion
0.005595028548368575,59.69377345769496
0.003962416563947357,60.60131462663287
0.004665000527541707,60.04352902484674
0.005931808448965015,59.24755302564302
0.003095870854172844,60.901970009138644
0.00952624637324817,58.36200966789192
