rate,distortion
3.035411199248461,9.288784914033355
3.0354264857474487,9.287984831430242
3.035469411435697,9.287431009673135
3.035464850078986,9.287066452784128
3.0354591850406685,9.287033300694056
3.0354315481044623,9.287217974920996
