rate,distortion
1.0044743032978203,5.979745281663651
1.4394045069100039,4.00713518522608
1.921504041742344,2.5667333023717678
2.1209423374627803,1.4166242588153364
2.2852155164079764,1.2128393411165344
2.0223176238611673,1.6071211646255572
1.9767459103928164,1.951561226754638
2.2333547171578942,1.213794927641741
