rate,distortion
0.09434026323374134,41.77680382927122
0.09434026324066558,41.776803828606894
0.09434026319280697,41.776803833184765
0.09434026325378575,41.7768038273524
0.0943402632792516,41.77680382492012
0.09434026315683042,41.776803836618654
