rate,distortion
5.272808107925709,0.8071530381996439
5.273539350227185,0.8810955305967806
5.2982169953924,0.809549260014117
5.256227593746721,0.8869258459188227
5.26746229192705,0.7882660893694378
5.248608019996299,0.935579782432813
