rate,distortion
7.273781106320598e-07,20.499951017191925
0.936040443181815,3.379459647010151
2.555201005449703e-06,28.499874158114675
2.024399666122889e-06,28.499899371862842
1.8080761998717776e-06,28.49991695459688
3.127952217241159e-07,20.499987408741777
4.5034152895695456e-07,28.49997882340809
5.63427333233335e-07,20.499952832916136
2.5634123641538054e-06,28.499843097532473
1.4387154605439938,1.6029587403011625
