rate,distortion
2.1153772345986264,340.98557984290755
2.031736919721208,318.3830926084499
2.2133785937955164,328.97258625634527
2.204803400138516,397.0886248552426
2.076147273184798,345.5269132817931
2.1470608366129955,328.23930383174525
