rate,distortion
0.9999415361240818,3.000126271683902
0.9709500666920983,3.3000001562191765
0.9999841237766902,3.0000133580579424
2.562136417250116e-06,28.499825572984584
3.866028288612711e-06,28.499769768738755
0.9709502855238434,3.300000090819836
8.288500659148212e-07,28.499948546532472
6.437521985702688e-06,28.499684944020657
6.902491221705276e-06,28.499606617909116
1.3700993770484655,1.3015082626903478
