rate,distortion
1.8367961184462729,2.146712193707496
1.8136459407078798,2.315073238340578
1.8238096238341308,2.216354495066304
1.8367961233651382,2.146712274642587
1.8244433348503666,2.217437215746458
1.8297480367400558,2.1792707690290345
