rate,distortion,round
0.0075290105297241006,17.67713853627928,0
6.430543497693009e-07,16.80654167616829,1
4.322723364443466e-09,16.728396064188164,2
2.4268439110149604e-11,16.712061755465612,3
1.2182847323553384e-13,16.7082817713964,4
1.4802973661668753e-16,16.70741675587013,5
-1.4802973661668753e-16,16.707220410042982,6
1.4802973661668753e-16,16.707175972270637,7
0.0,16.70716592344588,8
-2.9605947323337506e-16,16.707163651460622,9
