rate,distortion
-8.881784197001252e-16,17.533984035783977
-1.7763568394002505e-15,16.808735783069434
0.0,17.146419182995146
8.881784197001252e-16,14.797834656484351
-8.881784197001252e-16,17.566299087057846
8.881784197001252e-16,16.389709163372977
