rate,distortion
1.7191890824894056,1.1670693520083066
1.7828691409387973,0.7520997891786766
1.9060433524719258,0.7558021320573297
1.7745082044870708,0.8118764085581733
1.7542992322943158,0.7530124089387907
1.8570398597749938,0.6968457636600449
2.0604440603028307,0.670081376263837
1.8218156479839607,1.0203769133635627
1.9552098131555322,0.7414599861766423
1.7123122266597743,0.8742937136011804
