rate,distortion
0.027573451476765598,379.01669539309466
0.08247055598678976,316.90460113504935
0.046988615823934765,350.43852942313504
0.05640058413833415,363.63637917098697
0.10382356730518971,339.7398688176253
0.07825718350286692,337.8131271123675
