rate,distortion
2.746436401345953,0.9548207650231486
2.7749218580900195,1.0940988589960163
2.685575232755199,1.2508842436955123
2.9008676594896885,1.0152947917525106
2.729720731288338,1.1111791970204008
2.965589093350392,0.8933870926141724
