rate,distortion
7.273781106320598e-07,20.499951017191925
