rate,distortion
3.076055417376107,4.082394036957262
3.246551020525172,2.8450835829572787
3.2579851975317773,3.162074820727054
3.297394912858646,2.719990983734229
3.290607870621897,2.8297808055161258
3.200522335848339,3.3198858267834965
