rate,distortion
6.403856189550911,174.19000000765286
6.3563073147529,278.69852555674623
6.443855308510893,71.71018811294235
6.416306516212916,263.02929964754094
6.423855863241363,145.45006124206438
6.423856189204219,109.56000001801506
