rate,distortion
0.38551550116292965,5.989874514666894
0.38551552967646074,5.98987498117711
0.38551550253352485,5.98987451535034
0.3855155013323994,5.989874514838513
0.38551550870759854,5.989874642512298
0.4098208396427854,6.160636102285637
