rate,distortion
0.043815488013709825,375.0610470876126
0.0568430360709975,326.4951241367802
0.054702851646396766,339.57686614901814
0.039195730493936765,347.52027782413785
0.046784062233442114,335.2456425372666
0.06794444327566751,332.7551497275965
