rate,distortion
0.29900170199934095,256.4184358214202
0.11433201323945497,337.3639126904882
0.19241021591883012,301.99983126827624
0.15029640978114855,302.8474596700639
0.16725999884316067,291.06987659530296
0.12083889679220228,325.7974614423665
