rate,distortion
0.9089556870485227,2.5904782956784476
1.008793397521769,2.0922584527071244
0.9361096644417932,2.458229460630436
0.9700317837446981,2.2462586426415063
0.9725937163160925,2.3197408133185027
0.9568098712208295,2.2923666888282725
