rate,distortion
0.054736148536497,289.28482282182324
0.054736148482854574,289.2848228662914
0.054736148547849695,289.2848228124133
0.05473614855278974,289.28482280831946
0.05473614855292652,289.2848228082086
0.05473614851750064,289.2848228375649
