rate,distortion
1.2585896796618314,32.78628522927173
1.2585973832881479,32.788637139452774
1.258615793128337,32.78619741519641
1.2586237438596939,32.782274419178734
1.258633910698773,32.77872586717968
1.258601586636443,32.78572918500196
