rate,distortion
5.443856187339812,55.67999992156685
5.363855861906197,73.90000232200082
5.348758439091611,12.377561004415199
5.403856189774452,43.88000000000023
5.46875805889141,37.18499313022855
5.443856189772152,71.98000000000937
