rate,distortion
1.3787921733632391,17.947908628010865
1.5487376052833648,5.651178381170828
1.5112222396038995,6.391068486812712
1.6080200257831407,5.129320257239772
1.2970224119362683,13.211088161381458
1.5178890532393075,5.957264500658235
