rate,distortion
1.5350743082691616,1.0364503101320002
0.9865262094245688,4.811713534370331
1.0783351654166742,6.677722733550077
1.653305278016036,1.5509083408684883
1.2515777755985975,2.9970440485602676
1.3328093683719966,2.555057708448524
