rate,distortion
0.000626128246192792,400.0891030874996
0.012903150577063371,367.7093591433564
0.0011591132222505962,400.36957445718474
0.002499421255926393,388.49798347277056
0.012720248003338597,361.8972884054225
0.0016921994053227252,398.6890441405338
