rate,distortion
2.89658711431084,6.151034157231958
