rate,distortion
2.7971127563169587,0.2000000031142135
2.562108977307792,0.300003781404494
2.8363780987915956,0.2000000613729771
2.5856749466151765,0.3000007458811128
2.827056804167795,0.2000062601896695
2.6401989327736626,0.30000114364555847
