rate,distortion
5.443850218541064,0.10000006078080133
5.245659959808373,0.18000010952334655
5.283856189414066,0.18000000000072358
5.403846755908912,0.12000006037581795
5.4038327582203785,0.1200000607544386
5.373038690868122,0.12000142437831234
