rate,distortion
2.8640467357203017,0.6468890439182737
2.374034349302357,0.982363265205859
2.539284321513082,0.09644543562184753
2.495879088901682,3.447119640534964
2.789098070334598,0.8075261571987875
2.7667284387541,0.374895354508169
