rate,distortion
3.204901621867151e-16,0.0069889851016178405
