rate,distortion
0.030530206371676805,14.798778823838887
0.051766796365206424,15.775944042985627
0.021923518850015533,15.24105359755509
0.05079866970057001,16.054050773785132
0.03307044396724379,15.091720233917995
0.020825534736312434,16.18390976286668
0.08370269276837305,15.670957116948363
0.034273688861074625,16.289426703130722
0.019824657733462203,15.992874153736143
0.02388045222675217,15.58997269365591
