rate,distortion
5.628839807516181,0.5661949716324088
5.709316028378777,0.5943808794283023
5.736928903032577,0.49764200878917686
5.6664126409343645,0.4874445230492086
5.61811107168756,0.4827721791577708
5.635498252203494,0.5205939418250549
