rate,distortion
3.121927371511317,0.40000108109770816
2.921928094806876,1.3000000000649936
3.3219280942126663,2.3143838867044132e-10
3.321928078763884,1.0452915821263735e-08
3.321928094598071,1.2916260449217572e-10
3.3219255960446663,7.324201895683452e-07
3.1219277770601375,8.099999091569257
3.1219277183971204,0.40000037531805854
