rate,distortion
3.274846872015377,0.15033610730365657
