rate,distortion
3.075890011072189,0.5061955920623877
