rate,distortion
3.1083201739471766,0.29651124843664295
