rate,distortion
1.1325048724447626,226.0138861749561
0.6066044668336374,317.75138442910236
1.2155227122558916,237.5447658648939
1.0442460072206874,260.63764741958374
1.3668496983939438,192.52431100236134
1.0983624186584233,241.7739169200038
