rate,distortion
0.44694245386723885,5.3605412519147215
0.6723775557783283,3.645059002719304
0.48386167579341244,4.927111378766126
0.5777777297554669,4.490884215183897
0.20420167434473235,7.570017278865577
0.6399789961940989,4.3381326735524155
