rate,distortion
7.140155133811277e-11,16.486450671367372
6.269029739769394e-11,16.483692537153278
3.107825108372708e-10,16.484383435247693
7.156142345365879e-11,16.486163772170954
1.8462564810306503e-11,16.48541404892868
1.424682594119986e-10,16.488292521028995
