rate,distortion
0.35413104586276933,9.268400254617344
0.26332661371608523,10.783143872029765
0.21817751808871666,11.009299639265445
0.21617253506164147,10.688818287378783
0.29909254602341484,11.625782650068825
0.18420454178781487,10.811918348825227
0.3354289348069681,10.719844348054643
0.21165063300485354,11.376971072760158
0.25673900298258623,10.226525626871304
0.38833842325945067,8.365840773396663
