rate,distortion
2.655994303129435,32.53957943038151
2.786700866498938,42.1173693034639
2.6491949967088946,50.29262649407044
2.9316318766487104,52.292730620638345
2.9074509388553302,31.704234729173113
2.8909123905021215,36.97159391313545
