rate,distortion
8.881784197001252e-16,14.464538746914998
0.0,16.895766215113134
0.0,13.494702122021021
-8.881784197001252e-16,12.165734663656323
0.0,14.193428214262283
0.0,15.472669102117285
