rate,distortion
2.3122963814426627,0.1662691377181792
2.739332496842583,0.24468152811340485
2.0718098924915194,0.43137606420096347
2.0029836965088275,0.661456550489571
2.3483172289268737,0.13589418405600917
2.0164454533604053,0.6577847137686713
