rate,distortion
1.0114678742427432,5.889586080494049
1.0848816421198646,5.341507377397459
1.2086673374486412,5.166301716674579
1.2900589329979146,4.575888451454209
1.3127574487909404,4.567057690498292
1.4122694444342505,4.3068325072763205
1.2351357976458295,4.982853696219174
1.2988455994282249,4.737070791585232
