rate,distortion
0.40224218795248134,15.787916666666666
0.1687865060783551,14.15088492063492
0.26253255896251826,14.278194444444445
0.09790657010494286,17.8
0.36757366586019113,14.91416666666667
0.1857271511726628,15.977083333333336
0.17208254729489525,13.350000000000001
0.46636198049710487,12.488888888888892
0.0973591352547265,14.785416666666668
0.16859001659051565,14.708333333333332
