rate,distortion
0.18701660721395896,14.12748015873016
0.39252558419764316,15.352777777777778
0.2852212579203721,15.667809523809524
0.3247408675256258,13.012142857142857
0.27411113343106486,14.823793650793654
0.4828691518058843,16.846111111111114
0.3872623378463196,16.767698412698415
0.3560377373172212,15.67043253968254
0.3619424417993997,14.575666666666669
0.27848672194736146,14.841753968253968
