rate,distortion
3.089945296177876,0.17012685117090467
3.1033050348360547,1.6292283293267165
3.0977095546810602,3.61335743951344
2.887054453177278,3.000068670080852
3.2730309092627996,0.052471934418413635
2.8064667359530966,2.360810802758876
2.880020507144733,8.466020772895176
3.1001397528462085,0.44201285427488135
3.217102795479362,0.2836169901952294
3.0226018741132314,0.5700017269785155
