rate,distortion
2.9723237724665,0.33941764656902557
