rate,distortion
2.0884981744018205e-08,15.574924455844991
8.881784197001252e-16,15.018302623131342
0.0,15.564921321298169
3.3683678068996414e-08,15.719054760384658
8.881784197001252e-16,15.3214260057369
0.0,15.295418256142508
