rate,distortion
2.9756205054938056,0.16543296446655328
