rate,distortion
6.236554588955406,0.18000000000000027
6.362343676020638,0.1300000307305907
6.302277738221891,0.16000003179990618
6.357266951587848,0.14000002945876705
6.30587330235921,0.1600000310808588
6.363851949427126,0.140000034528252
