rate,distortion
1.3835081913111829,1.5916534620112048
1.567864908193184,1.4160865143844954
1.4844484521890289,1.3277136241656422
1.6234628006133702,1.3442116052102853
1.7207926764511354,1.1352866604108982
1.440130298194294,1.4902397199097075
