rate,distortion
2.8388686116114723,3.389621810687992
3.295586640921967,0.03827793949812234
3.2827777545874137,0.038212868066187206
3.0620549708640254,1.1834057990424665
2.927519432086864,2.5524916338271275
3.0775489249420835,3.7166205698459094
