rate,distortion
1.0249807824079173,1.8975283704894
1.0238987149569763,1.8960860057516973
1.0246870889185278,1.8975012594909673
1.0249136294137609,1.8975111862174308
1.0237414241949345,1.8972792044019355
1.024832185784784,1.8974754784172687
