rate,distortion
3.912352606860736e-05,406.06272897332656
0.00013208985081902824,402.5899656921751
3.211645485912129e-05,406.61901121278845
6.960135327993555e-05,403.8598994874807
2.1447666449958547e-05,407.1209918577161
1.5780738358728286e-05,405.2407966476377
