rate,distortion
1.0115717431289752,7.803776284780979
1.0114051703949452,7.8275277390699625
1.0113429794013635,7.82176089917633
1.0118815021907448,7.808707660828848
1.0118492841050832,7.806064944853226
1.0116634682226051,7.80381164078652
