rate,distortion
1.7552268536698774,0.7629546529574839
1.7453762564891546,0.6504111503770885
1.3976559241410227,0.803501858454543
1.830486220277166,0.5862273891796678
1.8423549266257462,0.532223189963815
2.0770609086588694,0.4750467350947784
2.000074557095463,0.5020747821923905
1.8660558044894646,0.6692131983965445
1.9650278140411368,0.510977092470018
1.7204297295270274,0.585031574442875
