rate,distortion
2.9723237724665,0.9973582217785925
