rate,distortion
3.321927948685814,6.5080997719689e-09
3.121928094887363,0.4
2.6464393446710144,2.6000135617133275
3.121928094887362,0.4
3.121928094887362,0.4
3.121927649075943,0.9000001373300557
