rate,distortion
0.08918267003063463,15.098830132146011
