rate,distortion
1.5151761924307898,168.32914139788355
0.948623266537318,292.44585506277417
1.2793003263241332,182.0539869147839
1.5889906997035688,141.7599065416607
1.45729515151306,146.86402053802004
1.188914120678529,232.20205242161694
