rate,distortion
3.077516541493195,0.3097168211390343
