rate,distortion
2.9723237724665,0.9973582217785925
2.8839429379254566,1.3627275454999437
2.889300055114499,0.24651516721456196
2.8155232041776292,6.080253957268463
3.0722011851338316,0.9578570965297555
2.889894027377358,1.0689394370125445
3.2763428212370793,0.06880708984117512
3.023678132004318,2.054953798215959
3.0971376374164405,3.6190518766624997
2.9993873942776026,4.22439846578535
