rate,distortion
2.9756205054938056,0.16543296446655328
3.213216552998027,0.03329074533615951
2.8402137077617042,0.2212409742611623
2.9111796495194104,0.17083271708714912
2.872744784877812,0.21044169321537648
3.0565377818868398,0.12993737649384002
3.0797619037673805,0.09528448425039729
2.6518426709297,0.3364516489157788
2.7844641308089235,0.7008867362621412
2.8178018227346815,0.2129806881830693
