rate,distortion
0.8269328406996035,15.150000138901147
